UserID,F,M
1,1,0
2,0,1
3,0,1
4,0,1
5,0,1
6,1,0
7,0,1
8,0,1
9,0,1
10,1,0
11,1,0
12,0,1
13,0,1
14,0,1
15,0,1
16,1,0
17,0,1
18,1,0
19,0,1
20,0,1
21,0,1
22,0,1
23,0,1
24,1,0
25,0,1
26,0,1
27,0,1
28,1,0
29,0,1
30,1,0
31,0,1
32,1,0
33,0,1
34,1,0
35,0,1
36,0,1
37,1,0
38,1,0
39,0,1
40,0,1
41,1,0
42,0,1
43,0,1
44,0,1
45,1,0
46,0,1
47,0,1
48,0,1
49,0,1
50,1,0
51,1,0
52,0,1
53,0,1
54,0,1
55,1,0
56,0,1
57,0,1
58,0,1
59,1,0
60,0,1
61,0,1
62,1,0
63,0,1
64,0,1
65,0,1
66,0,1
67,1,0
68,0,1
69,1,0
70,0,1
71,0,1
72,1,0
73,0,1
74,0,1
75,1,0
76,0,1
77,0,1
78,1,0
79,1,0
80,0,1
81,1,0
82,0,1
83,1,0
84,0,1
85,0,1
86,1,0
87,0,1
88,1,0
89,1,0
90,0,1
91,0,1
92,1,0
93,0,1
94,0,1
95,0,1
96,1,0
97,1,0
98,1,0
99,1,0
100,0,1
101,1,0
102,0,1
103,0,1
104,0,1
105,0,1
106,1,0
107,0,1
108,0,1
109,0,1
110,0,1
111,0,1
112,0,1
113,0,1
114,1,0
115,0,1
116,0,1
117,0,1
118,0,1
119,1,0
120,0,1
121,0,1
122,1,0
123,0,1
124,0,1
125,0,1
126,0,1
127,1,0
128,0,1
129,0,1
130,0,1
131,0,1
132,0,1
133,1,0
134,0,1
135,0,1
136,0,1
137,1,0
138,0,1
139,1,0
140,1,0
141,0,1
142,0,1
143,0,1
144,0,1
145,0,1
146,1,0
147,0,1
148,0,1
149,0,1
150,0,1
151,1,0
152,0,1
153,0,1
154,0,1
155,0,1
156,1,0
157,0,1
158,0,1
159,1,0
160,0,1
161,0,1
162,1,0
163,0,1
164,1,0
165,0,1
166,0,1
167,1,0
168,1,0
169,0,1
170,0,1
171,1,0
172,0,1
173,0,1
174,0,1
175,1,0
176,1,0
177,0,1
178,0,1
179,0,1
180,0,1
181,0,1
182,0,1
183,1,0
184,1,0
185,0,1
186,0,1
187,1,0
188,0,1
189,0,1
190,0,1
191,0,1
192,0,1
193,1,0
194,1,0
195,0,1
196,1,0
197,0,1
198,0,1
199,0,1
200,1,0
201,1,0
202,0,1
203,1,0
204,0,1
205,0,1
206,0,1
207,0,1
208,0,1
209,0,1
210,1,0
211,0,1
212,0,1
213,1,0
214,0,1
215,0,1
216,0,1
217,0,1
218,0,1
219,1,0
220,0,1
221,1,0
222,0,1
223,0,1
224,1,0
225,0,1
226,0,1
227,0,1
228,0,1
229,0,1
230,0,1
231,0,1
232,0,1
233,1,0
234,0,1
235,0,1
236,0,1
237,0,1
238,1,0
239,0,1
240,0,1
241,0,1
242,1,0
243,0,1
244,0,1
245,0,1
246,1,0
247,0,1
248,0,1
249,1,0
250,0,1
251,0,1
252,0,1
253,1,0
254,0,1
255,0,1
256,0,1
257,0,1
258,0,1
259,0,1
260,0,1
261,0,1
262,1,0
263,1,0
264,0,1
265,1,0
266,0,1
267,0,1
268,1,0
269,0,1
270,0,1
271,0,1
272,0,1
273,0,1
274,0,1
275,0,1
276,0,1
277,1,0
278,0,1
279,0,1
280,0,1
281,1,0
282,0,1
283,0,1
284,0,1
285,1,0
286,0,1
287,0,1
288,1,0
289,1,0
290,1,0
291,0,1
292,0,1
293,0,1
294,1,0
295,0,1
296,0,1
297,0,1
298,1,0
299,0,1
300,0,1
301,0,1
302,0,1
303,0,1
304,0,1
305,1,0
306,0,1
307,0,1
308,0,1
309,0,1
310,1,0
311,0,1
312,1,0
313,1,0
314,1,0
315,1,0
316,0,1
317,0,1
318,1,0
319,1,0
320,0,1
321,0,1
322,0,1
323,0,1
324,0,1
325,1,0
326,0,1
327,0,1
328,0,1
329,0,1
330,0,1
331,0,1
332,0,1
333,0,1
334,1,0
335,0,1
336,0,1
337,0,1
338,0,1
339,0,1
340,1,0
341,1,0
342,0,1
343,1,0
344,0,1
345,0,1
346,1,0
347,1,0
348,0,1
349,0,1
350,0,1
351,0,1
352,0,1
353,1,0
354,0,1
355,0,1
356,0,1
357,0,1
358,1,0
359,0,1
360,0,1
361,1,0
362,0,1
363,0,1
364,1,0
365,1,0
366,0,1
367,0,1
368,0,1
369,0,1
370,0,1
371,0,1
372,1,0
373,1,0
374,1,0
375,0,1
376,0,1
377,0,1
378,1,0
379,1,0
380,0,1
381,0,1
382,1,0
383,1,0
384,0,1
385,0,1
386,0,1
387,1,0
388,1,0
389,0,1
390,0,1
391,0,1
392,0,1
393,0,1
394,0,1
395,0,1
396,0,1
397,0,1
398,0,1
399,1,0
400,1,0
401,0,1
402,0,1
403,0,1
404,0,1
405,0,1
406,0,1
407,0,1
408,0,1
409,0,1
410,1,0
411,1,0
412,0,1
413,0,1
414,0,1
415,1,0
416,0,1
417,1,0
418,1,0
419,0,1
420,0,1
421,1,0
422,0,1
423,0,1
424,0,1
425,0,1
426,0,1
427,0,1
428,1,0
429,0,1
430,1,0
431,0,1
432,0,1
433,0,1
434,1,0
435,0,1
436,0,1
437,0,1
438,0,1
439,0,1
440,0,1
441,0,1
442,0,1
443,0,1
444,0,1
445,0,1
446,1,0
447,1,0
448,0,1
449,0,1
450,0,1
451,0,1
452,0,1
453,0,1
454,0,1
455,1,0
456,0,1
457,0,1
458,0,1
459,1,0
460,0,1
461,0,1
462,0,1
463,0,1
464,1,0
465,0,1
466,0,1
467,1,0
468,1,0
469,0,1
470,1,0
471,0,1
472,0,1
473,1,0
474,0,1
475,1,0
476,0,1
477,0,1
478,0,1
479,0,1
480,1,0
481,0,1
482,0,1
483,0,1
484,1,0
485,0,1
486,0,1
487,1,0
488,0,1
489,0,1
490,0,1
491,0,1
492,0,1
493,0,1
494,1,0
495,0,1
496,0,1
497,1,0
498,0,1
499,1,0
500,1,0
501,0,1
502,0,1
503,0,1
504,0,1
505,0,1
506,0,1
507,1,0
508,0,1
509,0,1
510,0,1
511,1,0
512,0,1
513,0,1
514,0,1
515,0,1
516,1,0
517,1,0
518,1,0
519,1,0
520,1,0
521,0,1
522,0,1
523,0,1
524,0,1
525,0,1
526,0,1
527,1,0
528,1,0
529,0,1
530,0,1
531,1,0
532,0,1
533,0,1
534,0,1
535,0,1
536,0,1
537,0,1
538,0,1
539,0,1
540,0,1
541,1,0
542,0,1
543,0,1
544,0,1
545,0,1
546,1,0
547,0,1
548,1,0
549,0,1
550,0,1
551,0,1
552,0,1
553,0,1
554,0,1
555,0,1
556,1,0
557,0,1
558,0,1
559,1,0
560,0,1
561,1,0
562,0,1
563,0,1
564,0,1
565,0,1
566,0,1
567,0,1
568,1,0
569,1,0
570,0,1
571,0,1
572,0,1
573,1,0
574,0,1
575,0,1
576,1,0
577,0,1
578,0,1
579,0,1
580,0,1
581,0,1
582,0,1
583,1,0
584,1,0
585,0,1
586,0,1
587,0,1
588,1,0
589,0,1
590,1,0
591,0,1
592,0,1
593,1,0
594,1,0
595,0,1
596,1,0
597,0,1
598,0,1
599,0,1
600,0,1
601,1,0
602,1,0
603,1,0
604,0,1
605,1,0
606,1,0
607,0,1
608,0,1
609,0,1
610,0,1
611,0,1
612,0,1
613,0,1
614,0,1
615,0,1
616,0,1
617,1,0
618,0,1
619,1,0
620,0,1
621,0,1
622,0,1
623,0,1
624,0,1
625,1,0
626,0,1
627,0,1
628,1,0
629,1,0
630,1,0
631,0,1
632,0,1
633,0,1
634,1,0
635,0,1
636,0,1
637,0,1
638,0,1
639,0,1
640,0,1
641,1,0
642,1,0
643,0,1
644,0,1
645,0,1
646,0,1
647,0,1
648,1,0
649,0,1
650,0,1
651,0,1
652,0,1
653,0,1
654,0,1
655,1,0
656,1,0
657,1,0
658,1,0
659,1,0
660,0,1
661,0,1
662,0,1
663,1,0
664,0,1
665,0,1
666,1,0
667,0,1
668,1,0
669,0,1
670,0,1
671,0,1
672,0,1
673,0,1
674,0,1
675,0,1
676,0,1
677,0,1
678,0,1
679,0,1
680,0,1
681,0,1
682,0,1
683,0,1
684,0,1
685,0,1
686,0,1
687,1,0
688,0,1
689,1,0
690,0,1
691,0,1
692,1,0
693,0,1
694,0,1
695,1,0
696,0,1
697,1,0
698,0,1
699,0,1
700,0,1
701,1,0
702,0,1
703,1,0
704,1,0
705,0,1
706,0,1
707,0,1
708,0,1
709,0,1
710,0,1
711,0,1
712,0,1
713,0,1
714,0,1
715,0,1
716,0,1
717,0,1
718,0,1
719,0,1
720,0,1
721,1,0
722,0,1
723,0,1
724,0,1
725,0,1
726,1,0
727,0,1
728,0,1
729,0,1
730,0,1
731,0,1
732,0,1
733,0,1
734,0,1
735,0,1
736,0,1
737,0,1
738,0,1
739,0,1
740,0,1
741,0,1
742,0,1
743,1,0
744,0,1
745,0,1
746,1,0
747,0,1
748,0,1
749,0,1
750,1,0
751,1,0
752,1,0
753,0,1
754,0,1
755,1,0
756,0,1
757,0,1
758,0,1
759,1,0
760,0,1
761,0,1
762,0,1
763,0,1
764,0,1
765,0,1
766,1,0
767,0,1
768,0,1
769,0,1
770,0,1
771,1,0
772,0,1
773,0,1
774,0,1
775,0,1
776,1,0
777,0,1
778,0,1
779,0,1
780,0,1
781,0,1
782,0,1
783,0,1
784,0,1
785,0,1
786,0,1
787,0,1
788,0,1
789,0,1
790,0,1
791,0,1
792,0,1
793,1,0
794,0,1
795,1,0
796,0,1
797,1,0
798,1,0
799,1,0
800,1,0
801,1,0
802,0,1
803,0,1
804,0,1
805,0,1
806,0,1
807,0,1
808,0,1
809,0,1
810,0,1
811,0,1
812,0,1
813,0,1
814,1,0
815,0,1
816,0,1
817,0,1
818,0,1
819,0,1
820,0,1
821,0,1
822,1,0
823,0,1
824,0,1
825,0,1
826,1,0
827,0,1
828,0,1
829,0,1
830,0,1
831,1,0
832,0,1
833,0,1
834,1,0
835,0,1
836,0,1
837,0,1
838,0,1
839,0,1
840,1,0
841,1,0
842,1,0
843,0,1
844,0,1
845,1,0
846,0,1
847,1,0
848,0,1
849,0,1
850,0,1
851,0,1
852,0,1
853,0,1
854,1,0
855,1,0
856,1,0
857,0,1
858,0,1
859,0,1
860,0,1
861,0,1
862,0,1
863,0,1
864,1,0
865,0,1
866,0,1
867,0,1
868,0,1
869,0,1
870,1,0
871,0,1
872,0,1
873,0,1
874,0,1
875,0,1
876,0,1
877,0,1
878,0,1
879,0,1
880,0,1
881,0,1
882,0,1
883,1,0
884,0,1
885,0,1
886,1,0
887,1,0
888,1,0
889,0,1
890,0,1
891,0,1
892,0,1
893,1,0
894,0,1
895,0,1
896,0,1
897,0,1
898,0,1
899,1,0
900,1,0
901,1,0
902,0,1
903,0,1
904,0,1
905,1,0
906,0,1
907,1,0
908,1,0
909,0,1
910,1,0
911,0,1
912,1,0
913,0,1
914,1,0
915,0,1
916,1,0
917,0,1
918,1,0
919,1,0
920,0,1
921,0,1
922,0,1
923,0,1
924,0,1
925,1,0
926,0,1
927,1,0
928,1,0
929,0,1
930,0,1
931,1,0
932,1,0
933,0,1
934,1,0
935,0,1
936,0,1
937,0,1
938,1,0
939,1,0
940,0,1
941,0,1
942,1,0
943,1,0
944,0,1
945,0,1
946,0,1
947,0,1
948,0,1
949,0,1
950,0,1
951,0,1
952,0,1
953,0,1
954,1,0
955,1,0
956,0,1
957,0,1
958,0,1
959,0,1
960,0,1
961,0,1
962,1,0
963,0,1
964,0,1
965,0,1
966,0,1
967,1,0
968,0,1
969,1,0
970,0,1
971,0,1
972,0,1
973,1,0
974,0,1
975,0,1
976,0,1
977,0,1
978,0,1
979,0,1
980,0,1
981,0,1
982,1,0
983,1,0
984,0,1
985,0,1
986,1,0
987,1,0
988,0,1
989,0,1
990,0,1
991,1,0
992,1,0
993,0,1
994,0,1
995,1,0
996,0,1
997,0,1
998,0,1
999,0,1
1000,1,0
1001,0,1
1002,0,1
1003,0,1
1004,0,1
1005,0,1
1006,0,1
1007,0,1
1008,0,1
1009,0,1
1010,0,1
1011,0,1
1012,1,0
1013,0,1
1014,1,0
1015,0,1
1016,0,1
1017,0,1
1018,0,1
1019,0,1
1020,0,1
1021,0,1
1022,0,1
1023,0,1
1024,1,0
1025,0,1
1026,1,0
1027,0,1
1028,1,0
1029,0,1
1030,0,1
1031,0,1
1032,0,1
1033,0,1
1034,1,0
1035,0,1
1036,0,1
1037,0,1
1038,1,0
1039,1,0
1040,0,1
1041,0,1
1042,0,1
1043,1,0
1044,0,1
1045,1,0
1046,0,1
1047,0,1
1048,0,1
1049,0,1
1050,0,1
1051,1,0
1052,1,0
1053,0,1
1054,0,1
1055,0,1
1056,0,1
1057,0,1
1058,0,1
1059,1,0
1060,0,1
1061,0,1
1062,0,1
1063,0,1
1064,0,1
1065,1,0
1066,0,1
1067,0,1
1068,1,0
1069,0,1
1070,1,0
1071,0,1
1072,1,0
1073,1,0
1074,0,1
1075,1,0
1076,1,0
1077,0,1
1078,1,0
1079,0,1
1080,0,1
1081,0,1
1082,0,1
1083,0,1
1084,0,1
1085,0,1
1086,0,1
1087,0,1
1088,1,0
1089,0,1
1090,0,1
1091,0,1
1092,1,0
1093,0,1
1094,1,0
1095,1,0
1096,0,1
1097,0,1
1098,0,1
1099,0,1
1100,0,1
1101,0,1
1102,0,1
1103,1,0
1104,0,1
1105,0,1
1106,0,1
1107,1,0
1108,0,1
1109,0,1
1110,1,0
1111,1,0
1112,0,1
1113,0,1
1114,1,0
1115,1,0
1116,0,1
1117,0,1
1118,0,1
1119,0,1
1120,0,1
1121,0,1
1122,0,1
1123,0,1
1124,0,1
1125,1,0
1126,0,1
1127,0,1
1128,0,1
1129,0,1
1130,0,1
1131,0,1
1132,0,1
1133,0,1
1134,0,1
1135,0,1
1136,1,0
1137,0,1
1138,0,1
1139,0,1
1140,1,0
1141,1,0
1142,0,1
1143,0,1
1144,0,1
1145,0,1
1146,1,0
1147,0,1
1148,0,1
1149,0,1
1150,1,0
1151,0,1
1152,0,1
1153,0,1
1154,1,0
1155,0,1
1156,1,0
1157,0,1
1158,1,0
1159,0,1
1160,0,1
1161,0,1
1162,1,0
1163,0,1
1164,1,0
1165,0,1
1166,0,1
1167,1,0
1168,1,0
1169,0,1
1170,0,1
1171,0,1
1172,1,0
1173,1,0
1174,1,0
1175,1,0
1176,0,1
1177,1,0
1178,0,1
1179,0,1
1180,1,0
1181,0,1
1182,0,1
1183,0,1
1184,1,0
1185,1,0
1186,0,1
1187,1,0
1188,0,1
1189,0,1
1190,0,1
1191,1,0
1192,0,1
1193,0,1
1194,1,0
1195,1,0
1196,1,0
1197,0,1
1198,0,1
1199,0,1
1200,0,1
1201,0,1
1202,0,1
1203,1,0
1204,0,1
1205,1,0
1206,1,0
1207,0,1
1208,0,1
1209,0,1
1210,0,1
1211,0,1
1212,1,0
1213,0,1
1214,0,1
1215,0,1
1216,0,1
1217,0,1
1218,0,1
1219,0,1
1220,0,1
1221,0,1
1222,0,1
1223,0,1
1224,0,1
1225,0,1
1226,0,1
1227,0,1
1228,0,1
1229,1,0
1230,0,1
1231,0,1
1232,1,0
1233,1,0
1234,0,1
1235,1,0
1236,1,0
1237,0,1
1238,1,0
1239,1,0
1240,1,0
1241,0,1
1242,1,0
1243,0,1
1244,0,1
1245,0,1
1246,0,1
1247,0,1
1248,1,0
1249,0,1
1250,0,1
1251,0,1
1252,0,1
1253,1,0
1254,1,0
1255,0,1
1256,0,1
1257,1,0
1258,0,1
1259,0,1
1260,0,1
1261,0,1
1262,0,1
1263,0,1
1264,0,1
1265,1,0
1266,0,1
1267,0,1
1268,0,1
1269,1,0
1270,0,1
1271,1,0
1272,0,1
1273,0,1
1274,0,1
1275,0,1
1276,0,1
1277,1,0
1278,0,1
1279,0,1
1280,0,1
1281,0,1
1282,0,1
1283,1,0
1284,0,1
1285,0,1
1286,0,1
1287,1,0
1288,1,0
1289,0,1
1290,0,1
1291,1,0
1292,0,1
1293,0,1
1294,1,0
1295,1,0
1296,0,1
1297,0,1
1298,0,1
1299,0,1
1300,0,1
1301,1,0
1302,0,1
1303,0,1
1304,0,1
1305,0,1
1306,0,1
1307,0,1
1308,0,1
1309,0,1
1310,0,1
1311,0,1
1312,0,1
1313,0,1
1314,1,0
1315,0,1
1316,0,1
1317,0,1
1318,0,1
1319,1,0
1320,0,1
1321,1,0
1322,0,1
1323,1,0
1324,0,1
1325,0,1
1326,1,0
1327,0,1
1328,0,1
1329,0,1
1330,0,1
1331,0,1
1332,0,1
1333,0,1
1334,0,1
1335,0,1
1336,1,0
1337,0,1
1338,0,1
1339,0,1
1340,0,1
1341,0,1
1342,0,1
1343,0,1
1344,1,0
1345,1,0
1346,0,1
1347,1,0
1348,1,0
1349,0,1
1350,1,0
1351,1,0
1352,0,1
1353,0,1
1354,1,0
1355,1,0
1356,1,0
1357,0,1
1358,0,1
1359,0,1
1360,0,1
1361,1,0
1362,0,1
1363,0,1
1364,1,0
1365,1,0
1366,0,1
1367,0,1
1368,1,0
1369,0,1
1370,0,1
1371,1,0
1372,0,1
1373,1,0
1374,0,1
1375,1,0
1376,1,0
1377,0,1
1378,1,0
1379,1,0
1380,0,1
1381,0,1
1382,1,0
1383,1,0
1384,0,1
1385,1,0
1386,1,0
1387,1,0
1388,0,1
1389,0,1
1390,0,1
1391,0,1
1392,0,1
1393,0,1
1394,1,0
1395,0,1
1396,1,0
1397,0,1
1398,1,0
1399,0,1
1400,0,1
1401,1,0
1402,0,1
1403,1,0
1404,0,1
1405,0,1
1406,0,1
1407,1,0
1408,0,1
1409,0,1
1410,0,1
1411,0,1
1412,0,1
1413,0,1
1414,0,1
1415,0,1
1416,0,1
1417,0,1
1418,0,1
1419,1,0
1420,0,1
1421,1,0
1422,0,1
1423,0,1
1424,0,1
1425,0,1
1426,0,1
1427,0,1
1428,1,0
1429,1,0
1430,0,1
1431,0,1
1432,0,1
1433,1,0
1434,1,0
1435,0,1
1436,1,0
1437,0,1
1438,0,1
1439,0,1
1440,0,1
1441,0,1
1442,0,1
1443,0,1
1444,1,0
1445,0,1
1446,0,1
1447,0,1
1448,1,0
1449,0,1
1450,0,1
1451,0,1
1452,1,0
1453,0,1
1454,0,1
1455,1,0
1456,0,1
1457,0,1
1458,0,1
1459,1,0
1460,1,0
1461,1,0
1462,0,1
1463,0,1
1464,0,1
1465,0,1
1466,0,1
1467,0,1
1468,0,1
1469,0,1
1470,0,1
1471,0,1
1472,0,1
1473,0,1
1474,0,1
1475,1,0
1476,1,0
1477,1,0
1478,0,1
1479,1,0
1480,0,1
1481,0,1
1482,0,1
1483,0,1
1484,0,1
1485,1,0
1486,0,1
1487,0,1
1488,0,1
1489,1,0
1490,0,1
1491,0,1
1492,0,1
1493,1,0
1494,0,1
1495,0,1
1496,0,1
1497,0,1
1498,0,1
1499,0,1
1500,0,1
1501,0,1
1502,0,1
1503,0,1
1504,0,1
1505,0,1
1506,0,1
1507,0,1
1508,1,0
1509,0,1
1510,1,0
1511,0,1
1512,0,1
1513,1,0
1514,0,1
1515,0,1
1516,1,0
1517,0,1
1518,0,1
1519,0,1
1520,0,1
1521,1,0
1522,0,1
1523,0,1
1524,0,1
1525,1,0
1526,0,1
1527,0,1
1528,0,1
1529,0,1
1530,0,1
1531,0,1
1532,0,1
1533,0,1
1534,0,1
1535,1,0
1536,1,0
1537,0,1
1538,0,1
1539,0,1
1540,0,1
1541,0,1
1542,0,1
1543,0,1
1544,0,1
1545,0,1
1546,0,1
1547,0,1
1548,0,1
1549,0,1
1550,0,1
1551,0,1
1552,0,1
1553,1,0
1554,1,0
1555,1,0
1556,0,1
1557,1,0
1558,0,1
1559,0,1
1560,1,0
1561,1,0
1562,0,1
1563,1,0
1564,0,1
1565,0,1
1566,0,1
1567,0,1
1568,1,0
1569,1,0
1570,0,1
1571,0,1
1572,1,0
1573,0,1
1574,0,1
1575,1,0
1576,1,0
1577,0,1
1578,0,1
1579,0,1
1580,1,0
1581,1,0
1582,0,1
1583,0,1
1584,0,1
1585,0,1
1586,0,1
1587,1,0
1588,0,1
1589,0,1
1590,0,1
1591,0,1
1592,0,1
1593,0,1
1594,1,0
1595,0,1
1596,1,0
1597,0,1
1598,0,1
1599,0,1
1600,0,1
1601,0,1
1602,1,0
1603,1,0
1604,0,1
1605,1,0
1606,1,0
1607,0,1
1608,0,1
1609,1,0
1610,0,1
1611,0,1
1612,0,1
1613,0,1
1614,0,1
1615,1,0
1616,0,1
1617,0,1
1618,0,1
1619,0,1
1620,0,1
1621,0,1
1622,0,1
1623,0,1
1624,0,1
1625,0,1
1626,0,1
1627,0,1
1628,0,1
1629,0,1
1630,0,1
1631,1,0
1632,0,1
1633,1,0
1634,1,0
1635,0,1
1636,1,0
1637,0,1
1638,1,0
1639,0,1
1640,0,1
1641,0,1
1642,0,1
1643,0,1
1644,0,1
1645,1,0
1646,0,1
1647,0,1
1648,0,1
1649,0,1
1650,0,1
1651,0,1
1652,0,1
1653,0,1
1654,1,0
1655,0,1
1656,0,1
1657,1,0
1658,1,0
1659,1,0
1660,1,0
1661,0,1
1662,0,1
1663,0,1
1664,1,0
1665,0,1
1666,0,1
1667,0,1
1668,0,1
1669,1,0
1670,1,0
1671,0,1
1672,0,1
1673,0,1
1674,0,1
1675,1,0
1676,0,1
1677,0,1
1678,1,0
1679,0,1
1680,0,1
1681,0,1
1682,0,1
1683,1,0
1684,0,1
1685,0,1
1686,0,1
1687,0,1
1688,1,0
1689,0,1
1690,0,1
1691,1,0
1692,0,1
1693,0,1
1694,0,1
1695,0,1
1696,0,1
1697,1,0
1698,0,1
1699,1,0
1700,0,1
1701,1,0
1702,0,1
1703,0,1
1704,0,1
1705,1,0
1706,0,1
1707,0,1
1708,0,1
1709,0,1
1710,0,1
1711,1,0
1712,0,1
1713,0,1
1714,0,1
1715,0,1
1716,0,1
1717,1,0
1718,0,1
1719,0,1
1720,0,1
1721,0,1
1722,0,1
1723,0,1
1724,0,1
1725,0,1
1726,0,1
1727,0,1
1728,0,1
1729,0,1
1730,1,0
1731,1,0
1732,0,1
1733,0,1
1734,0,1
1735,0,1
1736,0,1
1737,0,1
1738,0,1
1739,0,1
1740,0,1
1741,0,1
1742,0,1
1743,0,1
1744,0,1
1745,0,1
1746,0,1
1747,0,1
1748,0,1
1749,0,1
1750,0,1
1751,0,1
1752,0,1
1753,0,1
1754,0,1
1755,1,0
1756,1,0
1757,0,1
1758,1,0
1759,0,1
1760,1,0
1761,0,1
1762,0,1
1763,0,1
1764,0,1
1765,0,1
1766,1,0
1767,0,1
1768,0,1
1769,0,1
1770,0,1
1771,0,1
1772,0,1
1773,0,1
1774,0,1
1775,0,1
1776,0,1
1777,0,1
1778,0,1
1779,0,1
1780,0,1
1781,1,0
1782,0,1
1783,0,1
1784,0,1
1785,0,1
1786,0,1
1787,0,1
1788,0,1
1789,0,1
1790,0,1
1791,0,1
1792,1,0
1793,0,1
1794,0,1
1795,0,1
1796,0,1
1797,0,1
1798,0,1
1799,0,1
1800,0,1
1801,1,0
1802,0,1
1803,0,1
1804,0,1
1805,0,1
1806,0,1
1807,0,1
1808,1,0
1809,1,0
1810,0,1
1811,0,1
1812,1,0
1813,1,0
1814,0,1
1815,0,1
1816,1,0
1817,0,1
1818,0,1
1819,1,0
1820,0,1
1821,0,1
1822,1,0
1823,1,0
1824,1,0
1825,0,1
1826,0,1
1827,1,0
1828,0,1
1829,0,1
1830,0,1
1831,0,1
1832,1,0
1833,0,1
1834,0,1
1835,0,1
1836,0,1
1837,0,1
1838,0,1
1839,0,1
1840,0,1
1841,0,1
1842,0,1
1843,0,1
1844,1,0
1845,0,1
1846,0,1
1847,0,1
1848,0,1
1849,0,1
1850,0,1
1851,0,1
1852,0,1
1853,0,1
1854,0,1
1855,0,1
1856,0,1
1857,0,1
1858,1,0
1859,1,0
1860,0,1
1861,0,1
1862,0,1
1863,0,1
1864,0,1
1865,1,0
1866,0,1
1867,0,1
1868,0,1
1869,0,1
1870,0,1
1871,1,0
1872,0,1
1873,0,1
1874,0,1
1875,0,1
1876,0,1
1877,1,0
1878,0,1
1879,0,1
1880,0,1
1881,0,1
1882,0,1
1883,1,0
1884,0,1
1885,0,1
1886,0,1
1887,0,1
1888,0,1
1889,0,1
1890,0,1
1891,0,1
1892,0,1
1893,1,0
1894,1,0
1895,0,1
1896,0,1
1897,1,0
1898,0,1
1899,1,0
1900,0,1
1901,0,1
1902,0,1
1903,0,1
1904,0,1
1905,1,0
1906,1,0
1907,0,1
1908,0,1
1909,0,1
1910,0,1
1911,1,0
1912,0,1
1913,0,1
1914,1,0
1915,0,1
1916,0,1
1917,0,1
1918,1,0
1919,0,1
1920,1,0
1921,0,1
1922,1,0
1923,0,1
1924,1,0
1925,0,1
1926,1,0
1927,0,1
1928,0,1
1929,1,0
1930,0,1
1931,0,1
1932,0,1
1933,0,1
1934,0,1
1935,0,1
1936,0,1
1937,0,1
1938,1,0
1939,1,0
1940,0,1
1941,0,1
1942,0,1
1943,0,1
1944,1,0
1945,0,1
1946,0,1
1947,0,1
1948,0,1
1949,0,1
1950,0,1
1951,1,0
1952,0,1
1953,1,0
1954,0,1
1955,0,1
1956,0,1
1957,1,0
1958,1,0
1959,1,0
1960,0,1
1961,1,0
1962,1,0
1963,1,0
1964,1,0
1965,0,1
1966,0,1
1967,0,1
1968,0,1
1969,1,0
1970,0,1
1971,1,0
1972,0,1
1973,0,1
1974,0,1
1975,0,1
1976,0,1
1977,0,1
1978,0,1
1979,0,1
1980,0,1
1981,0,1
1982,0,1
1983,0,1
1984,0,1
1985,0,1
1986,0,1
1987,0,1
1988,1,0
1989,0,1
1990,0,1
1991,0,1
1992,0,1
1993,0,1
1994,0,1
1995,0,1
1996,0,1
1997,0,1
1998,1,0
1999,1,0
2000,0,1
2001,0,1
2002,1,0
2003,0,1
2004,0,1
2005,0,1
2006,0,1
2007,0,1
2008,0,1
2009,1,0
2010,0,1
2011,1,0
2012,0,1
2013,0,1
2014,0,1
2015,0,1
2016,1,0
2017,0,1
2018,0,1
2019,0,1
2020,0,1
2021,0,1
2022,0,1
2023,0,1
2024,0,1
2025,0,1
2026,0,1
2027,1,0
2028,0,1
2029,1,0
2030,0,1
2031,0,1
2032,0,1
2033,1,0
2034,1,0
2035,1,0
2036,1,0
2037,0,1
2038,1,0
2039,0,1
2040,1,0
2041,1,0
2042,0,1
2043,0,1
2044,1,0
2045,1,0
2046,0,1
2047,0,1
2048,0,1
2049,1,0
2050,1,0
2051,0,1
2052,0,1
2053,0,1
2054,0,1
2055,0,1
2056,0,1
2057,0,1
2058,1,0
2059,0,1
2060,0,1
2061,0,1
2062,0,1
2063,0,1
2064,0,1
2065,0,1
2066,1,0
2067,0,1
2068,1,0
2069,0,1
2070,1,0
2071,0,1
2072,1,0
2073,1,0
2074,0,1
2075,1,0
2076,0,1
2077,0,1
2078,0,1
2079,0,1
2080,0,1
2081,0,1
2082,0,1
2083,0,1
2084,0,1
2085,0,1
2086,0,1
2087,0,1
2088,0,1
2089,0,1
2090,0,1
2091,1,0
2092,0,1
2093,0,1
2094,0,1
2095,0,1
2096,1,0
2097,0,1
2098,0,1
2099,1,0
2100,1,0
2101,0,1
2102,0,1
2103,0,1
2104,0,1
2105,0,1
2106,1,0
2107,0,1
2108,0,1
2109,0,1
2110,0,1
2111,0,1
2112,1,0
2113,0,1
2114,0,1
2115,0,1
2116,0,1
2117,0,1
2118,0,1
2119,0,1
2120,0,1
2121,0,1
2122,0,1
2123,1,0
2124,0,1
2125,0,1
2126,0,1
2127,0,1
2128,1,0
2129,0,1
2130,0,1
2131,0,1
2132,0,1
2133,1,0
2134,0,1
2135,0,1
2136,0,1
2137,1,0
2138,1,0
2139,1,0
2140,0,1
2141,1,0
2142,1,0
2143,0,1
2144,0,1
2145,0,1
2146,0,1
2147,1,0
2148,1,0
2149,0,1
2150,1,0
2151,0,1
2152,0,1
2153,0,1
2154,0,1
2155,1,0
2156,0,1
2157,1,0
2158,0,1
2159,1,0
2160,1,0
2161,1,0
2162,1,0
2163,0,1
2164,0,1
2165,0,1
2166,0,1
2167,1,0
2168,0,1
2169,0,1
2170,1,0
2171,0,1
2172,0,1
2173,0,1
2174,0,1
2175,0,1
2176,0,1
2177,1,0
2178,0,1
2179,1,0
2180,0,1
2181,0,1
2182,1,0
2183,1,0
2184,0,1
2185,0,1
2186,0,1
2187,0,1
2188,1,0
2189,0,1
2190,1,0
2191,0,1
2192,1,0
2193,0,1
2194,0,1
2195,0,1
2196,0,1
2197,1,0
2198,1,0
2199,0,1
2200,0,1
2201,0,1
2202,1,0
2203,0,1
2204,0,1
2205,1,0
2206,0,1
2207,0,1
2208,0,1
2209,0,1
2210,0,1
2211,0,1
2212,0,1
2213,1,0
2214,1,0
2215,1,0
2216,1,0
2217,0,1
2218,0,1
2219,0,1
2220,1,0
2221,0,1
2222,1,0
2223,0,1
2224,0,1
2225,0,1
2226,1,0
2227,0,1
2228,0,1
2229,0,1
2230,1,0
2231,0,1
2232,0,1
2233,1,0
2234,0,1
2235,0,1
2236,0,1
2237,1,0
2238,1,0
2239,0,1
2240,0,1
2241,0,1
2242,0,1
2243,0,1
2244,0,1
2245,0,1
2246,0,1
2247,0,1
2248,1,0
2249,0,1
2250,0,1
2251,0,1
2252,1,0
2253,1,0
2254,0,1
2255,1,0
2256,1,0
2257,1,0
2258,1,0
2259,1,0
2260,1,0
2261,0,1
2262,0,1
2263,0,1
2264,1,0
2265,0,1
2266,1,0
2267,1,0
2268,1,0
2269,1,0
2270,0,1
2271,0,1
2272,0,1
2273,0,1
2274,0,1
2275,0,1
2276,0,1
2277,1,0
2278,0,1
2279,0,1
2280,0,1
2281,0,1
2282,0,1
2283,0,1
2284,0,1
2285,1,0
2286,0,1
2287,0,1
2288,0,1
2289,1,0
2290,0,1
2291,0,1
2292,0,1
2293,1,0
2294,0,1
2295,0,1
2296,1,0
2297,0,1
2298,0,1
2299,1,0
2300,0,1
2301,1,0
2302,0,1
2303,0,1
2304,0,1
2305,0,1
2306,1,0
2307,0,1
2308,1,0
2309,1,0
2310,0,1
2311,1,0
2312,0,1
2313,1,0
2314,1,0
2315,0,1
2316,0,1
2317,1,0
2318,0,1
2319,0,1
2320,1,0
2321,0,1
2322,1,0
2323,0,1
2324,0,1
2325,1,0
2326,0,1
2327,0,1
2328,0,1
2329,1,0
2330,0,1
2331,0,1
2332,0,1
2333,0,1
2334,1,0
2335,0,1
2336,0,1
2337,0,1
2338,0,1
2339,1,0
2340,0,1
2341,0,1
2342,0,1
2343,1,0
2344,0,1
2345,0,1
2346,1,0
2347,0,1
2348,0,1
2349,0,1
2350,0,1
2351,1,0
2352,0,1
2353,1,0
2354,0,1
2355,1,0
2356,1,0
2357,1,0
2358,1,0
2359,0,1
2360,0,1
2361,0,1
2362,0,1
2363,0,1
2364,1,0
2365,0,1
2366,1,0
2367,1,0
2368,1,0
2369,0,1
2370,0,1
2371,1,0
2372,1,0
2373,0,1
2374,0,1
2375,1,0
2376,0,1
2377,0,1
2378,0,1
2379,0,1
2380,0,1
2381,1,0
2382,0,1
2383,1,0
2384,0,1
2385,1,0
2386,1,0
2387,0,1
2388,0,1
2389,0,1
2390,1,0
2391,0,1
2392,1,0
2393,0,1
2394,0,1
2395,0,1
2396,1,0
2397,1,0
2398,0,1
2399,0,1
2400,1,0
2401,0,1
2402,0,1
2403,0,1
2404,0,1
2405,0,1
2406,1,0
2407,0,1
2408,1,0
2409,1,0
2410,0,1
2411,1,0
2412,0,1
2413,1,0
2414,0,1
2415,0,1
2416,0,1
2417,0,1
2418,1,0
2419,0,1
2420,0,1
2421,0,1
2422,1,0
2423,1,0
2424,0,1
2425,1,0
2426,0,1
2427,1,0
2428,0,1
2429,0,1
2430,0,1
2431,1,0
2432,0,1
2433,0,1
2434,0,1
2435,0,1
2436,0,1
2437,0,1
2438,0,1
2439,0,1
2440,0,1
2441,1,0
2442,0,1
2443,1,0
2444,1,0
2445,0,1
2446,0,1
2447,0,1
2448,0,1
2449,0,1
2450,0,1
2451,0,1
2452,0,1
2453,0,1
2454,0,1
2455,0,1
2456,0,1
2457,0,1
2458,0,1
2459,0,1
2460,1,0
2461,0,1
2462,0,1
2463,0,1
2464,1,0
2465,0,1
2466,0,1
2467,0,1
2468,0,1
2469,0,1
2470,0,1
2471,0,1
2472,0,1
2473,0,1
2474,0,1
2475,1,0
2476,0,1
2477,0,1
2478,0,1
2479,1,0
2480,1,0
2481,0,1
2482,1,0
2483,0,1
2484,0,1
2485,0,1
2486,0,1
2487,0,1
2488,1,0
2489,1,0
2490,0,1
2491,0,1
2492,1,0
2493,0,1
2494,0,1
2495,1,0
2496,0,1
2497,1,0
2498,0,1
2499,0,1
2500,0,1
2501,0,1
2502,0,1
2503,0,1
2504,0,1
2505,0,1
2506,1,0
2507,0,1
2508,1,0
2509,0,1
2510,0,1
2511,0,1
2512,1,0
2513,0,1
2514,0,1
2515,0,1
2516,1,0
2517,1,0
2518,0,1
2519,1,0
2520,1,0
2521,0,1
2522,0,1
2523,0,1
2524,1,0
2525,1,0
2526,0,1
2527,0,1
2528,0,1
2529,1,0
2530,0,1
2531,1,0
2532,1,0
2533,1,0
2534,1,0
2535,1,0
2536,0,1
2537,0,1
2538,0,1
2539,0,1
2540,1,0
2541,1,0
2542,1,0
2543,1,0
2544,0,1
2545,0,1
2546,1,0
2547,1,0
2548,1,0
2549,0,1
2550,0,1
2551,0,1
2552,1,0
2553,0,1
2554,0,1
2555,0,1
2556,0,1
2557,1,0
2558,0,1
2559,0,1
2560,1,0
2561,0,1
2562,0,1
2563,0,1
2564,1,0
2565,0,1
2566,0,1
2567,0,1
2568,0,1
2569,0,1
2570,1,0
2571,0,1
2572,0,1
2573,0,1
2574,0,1
2575,0,1
2576,0,1
2577,0,1
2578,0,1
2579,0,1
2580,1,0
2581,0,1
2582,1,0
2583,0,1
2584,1,0
2585,0,1
2586,0,1
2587,0,1
2588,1,0
2589,0,1
2590,0,1
2591,0,1
2592,0,1
2593,0,1
2594,0,1
2595,0,1
2596,0,1
2597,1,0
2598,0,1
2599,0,1
2600,0,1
2601,0,1
2602,0,1
2603,0,1
2604,0,1
2605,0,1
2606,0,1
2607,1,0
2608,1,0
2609,1,0
2610,0,1
2611,0,1
2612,1,0
2613,0,1
2614,0,1
2615,0,1
2616,0,1
2617,1,0
2618,1,0
2619,0,1
2620,0,1
2621,0,1
2622,1,0
2623,0,1
2624,1,0
2625,0,1
2626,0,1
2627,0,1
2628,1,0
2629,0,1
2630,1,0
2631,1,0
2632,0,1
2633,1,0
2634,0,1
2635,0,1
2636,0,1
2637,1,0
2638,0,1
2639,1,0
2640,0,1
2641,0,1
2642,0,1
2643,0,1
2644,0,1
2645,0,1
2646,0,1
2647,1,0
2648,0,1
2649,0,1
2650,0,1
2651,0,1
2652,0,1
2653,0,1
2654,1,0
2655,0,1
2656,0,1
2657,1,0
2658,0,1
2659,0,1
2660,0,1
2661,0,1
2662,0,1
2663,1,0
2664,0,1
2665,0,1
2666,0,1
2667,1,0
2668,1,0
2669,0,1
2670,0,1
2671,1,0
2672,0,1
2673,0,1
2674,0,1
2675,0,1
2676,0,1
2677,1,0
2678,0,1
2679,1,0
2680,0,1
2681,1,0
2682,0,1
2683,0,1
2684,1,0
2685,0,1
2686,0,1
2687,0,1
2688,0,1
2689,0,1
2690,0,1
2691,0,1
2692,1,0
2693,0,1
2694,0,1
2695,0,1
2696,0,1
2697,1,0
2698,1,0
2699,1,0
2700,0,1
2701,0,1
2702,0,1
2703,0,1
2704,0,1
2705,0,1
2706,1,0
2707,0,1
2708,0,1
2709,1,0
2710,0,1
2711,1,0
2712,1,0
2713,0,1
2714,0,1
2715,1,0
2716,1,0
2717,0,1
2718,1,0
2719,0,1
2720,0,1
2721,0,1
2722,0,1
2723,1,0
2724,1,0
2725,0,1
2726,0,1
2727,0,1
2728,0,1
2729,0,1
2730,0,1
2731,0,1
2732,0,1
2733,0,1
2734,1,0
2735,0,1
2736,0,1
2737,0,1
2738,1,0
2739,1,0
2740,0,1
2741,0,1
2742,0,1
2743,0,1
2744,0,1
2745,1,0
2746,0,1
2747,1,0
2748,0,1
2749,0,1
2750,1,0
2751,1,0
2752,0,1
2753,1,0
2754,0,1
2755,0,1
2756,0,1
2757,0,1
2758,0,1
2759,0,1
2760,0,1
2761,0,1
2762,0,1
2763,1,0
2764,0,1
2765,0,1
2766,0,1
2767,0,1
2768,0,1
2769,0,1
2770,0,1
2771,0,1
2772,0,1
2773,0,1
2774,0,1
2775,1,0
2776,0,1
2777,0,1
2778,0,1
2779,0,1
2780,0,1
2781,0,1
2782,1,0
2783,0,1
2784,0,1
2785,0,1
2786,0,1
2787,0,1
2788,0,1
2789,0,1
2790,0,1
2791,0,1
2792,0,1
2793,0,1
2794,0,1
2795,0,1
2796,0,1
2797,1,0
2798,0,1
2799,0,1
2800,1,0
2801,1,0
2802,0,1
2803,0,1
2804,1,0
2805,0,1
2806,0,1
2807,1,0
2808,0,1
2809,0,1
2810,1,0
2811,0,1
2812,0,1
2813,0,1
2814,0,1
2815,0,1
2816,0,1
2817,0,1
2818,0,1
2819,0,1
2820,1,0
2821,0,1
2822,0,1
2823,0,1
2824,0,1
2825,1,0
2826,0,1
2827,0,1
2828,0,1
2829,0,1
2830,0,1
2831,0,1
2832,0,1
2833,0,1
2834,0,1
2835,0,1
2836,0,1
2837,0,1
2838,0,1
2839,0,1
2840,0,1
2841,0,1
2842,0,1
2843,1,0
2844,0,1
2845,0,1
2846,1,0
2847,0,1
2848,0,1
2849,0,1
2850,0,1
2851,1,0
2852,0,1
2853,0,1
2854,1,0
2855,0,1
2856,0,1
2857,0,1
2858,1,0
2859,0,1
2860,0,1
2861,0,1
2862,0,1
2863,1,0
2864,1,0
2865,1,0
2866,0,1
2867,0,1
2868,0,1
2869,0,1
2870,0,1
2871,1,0
2872,0,1
2873,1,0
2874,1,0
2875,0,1
2876,0,1
2877,0,1
2878,1,0
2879,0,1
2880,0,1
2881,1,0
2882,0,1
2883,0,1
2884,1,0
2885,1,0
2886,0,1
2887,0,1
2888,0,1
2889,0,1
2890,0,1
2891,1,0
2892,0,1
2893,0,1
2894,0,1
2895,0,1
2896,0,1
2897,0,1
2898,0,1
2899,0,1
2900,0,1
2901,0,1
2902,0,1
2903,0,1
2904,0,1
2905,0,1
2906,0,1
2907,1,0
2908,0,1
2909,0,1
2910,0,1
2911,1,0
2912,1,0
2913,1,0
2914,0,1
2915,0,1
2916,0,1
2917,0,1
2918,0,1
2919,0,1
2920,0,1
2921,0,1
2922,0,1
2923,0,1
2924,1,0
2925,1,0
2926,1,0
2927,0,1
2928,0,1
2929,0,1
2930,0,1
2931,0,1
2932,0,1
2933,0,1
2934,1,0
2935,0,1
2936,1,0
2937,1,0
2938,1,0
2939,1,0
2940,0,1
2941,0,1
2942,1,0
2943,0,1
2944,1,0
2945,1,0
2946,0,1
2947,1,0
2948,0,1
2949,0,1
2950,0,1
2951,1,0
2952,0,1
2953,0,1
2954,0,1
2955,0,1
2956,0,1
2957,0,1
2958,0,1
2959,0,1
2960,0,1
2961,0,1
2962,0,1
2963,1,0
2964,0,1
2965,1,0
2966,1,0
2967,0,1
2968,1,0
2969,0,1
2970,0,1
2971,0,1
2972,0,1
2973,1,0
2974,0,1
2975,0,1
2976,0,1
2977,1,0
2978,0,1
2979,0,1
2980,0,1
2981,0,1
2982,0,1
2983,0,1
2984,0,1
2985,0,1
2986,0,1
2987,0,1
2988,1,0
2989,0,1
2990,0,1
2991,0,1
2992,0,1
2993,0,1
2994,0,1
2995,0,1
2996,0,1
2997,1,0
2998,1,0
2999,0,1
3000,0,1
3001,0,1
3002,0,1
3003,0,1
3004,1,0
3005,0,1
3006,0,1
3007,0,1
3008,0,1
3009,1,0
3010,0,1
3011,0,1
3012,0,1
3013,0,1
3014,0,1
3015,0,1
3016,0,1
3017,1,0
3018,0,1
3019,0,1
3020,1,0
3021,1,0
3022,0,1
3023,1,0
3024,0,1
3025,1,0
3026,1,0
3027,0,1
3028,0,1
3029,0,1
3030,0,1
3031,0,1
3032,0,1
3033,0,1
3034,1,0
3035,1,0
3036,0,1
3037,1,0
3038,1,0
3039,1,0
3040,0,1
3041,0,1
3042,0,1
3043,0,1
3044,0,1
3045,0,1
3046,0,1
3047,1,0
3048,0,1
3049,1,0
3050,0,1
3051,0,1
3052,0,1
3053,1,0
3054,0,1
3055,1,0
3056,0,1
3057,1,0
3058,0,1
3059,0,1
3060,1,0
3061,0,1
3062,0,1
3063,0,1
3064,0,1
3065,1,0
3066,0,1
3067,1,0
3068,1,0
3069,0,1
3070,1,0
3071,0,1
3072,0,1
3073,0,1
3074,0,1
3075,1,0
3076,0,1
3077,0,1
3078,1,0
3079,1,0
3080,0,1
3081,0,1
3082,1,0
3083,1,0
3084,0,1
3085,0,1
3086,0,1
3087,1,0
3088,1,0
3089,0,1
3090,0,1
3091,1,0
3092,0,1
3093,1,0
3094,0,1
3095,1,0
3096,1,0
3097,1,0
3098,0,1
3099,0,1
3100,1,0
3101,0,1
3102,0,1
3103,0,1
3104,0,1
3105,0,1
3106,0,1
3107,0,1
3108,0,1
3109,1,0
3110,0,1
3111,0,1
3112,0,1
3113,0,1
3114,0,1
3115,0,1
3116,0,1
3117,0,1
3118,0,1
3119,0,1
3120,0,1
3121,0,1
3122,1,0
3123,0,1
3124,0,1
3125,0,1
3126,0,1
3127,1,0
3128,0,1
3129,0,1
3130,0,1
3131,1,0
3132,0,1
3133,0,1
3134,0,1
3135,0,1
3136,1,0
3137,0,1
3138,0,1
3139,0,1
3140,1,0
3141,0,1
3142,0,1
3143,1,0
3144,1,0
3145,0,1
3146,0,1
3147,0,1
3148,0,1
3149,0,1
3150,1,0
3151,1,0
3152,0,1
3153,1,0
3154,1,0
3155,0,1
3156,0,1
3157,0,1
3158,0,1
3159,1,0
3160,0,1
3161,0,1
3162,0,1
3163,0,1
3164,0,1
3165,0,1
3166,0,1
3167,0,1
3168,1,0
3169,0,1
3170,0,1
3171,1,0
3172,0,1
3173,0,1
3174,1,0
3175,0,1
3176,0,1
3177,1,0
3178,1,0
3179,1,0
3180,0,1
3181,0,1
3182,0,1
3183,0,1
3184,1,0
3185,0,1
3186,0,1
3187,0,1
3188,0,1
3189,0,1
3190,0,1
3191,0,1
3192,0,1
3193,0,1
3194,0,1
3195,0,1
3196,1,0
3197,1,0
3198,0,1
3199,0,1
3200,1,0
3201,0,1
3202,1,0
3203,0,1
3204,0,1
3205,1,0
3206,0,1
3207,0,1
3208,0,1
3209,0,1
3210,1,0
3211,0,1
3212,1,0
3213,1,0
3214,1,0
3215,1,0
3216,0,1
3217,1,0
3218,0,1
3219,1,0
3220,0,1
3221,0,1
3222,0,1
3223,0,1
3224,1,0
3225,0,1
3226,0,1
3227,1,0
3228,0,1
3229,1,0
3230,0,1
3231,0,1
3232,0,1
3233,0,1
3234,1,0
3235,0,1
3236,0,1
3237,0,1
3238,0,1
3239,1,0
3240,0,1
3241,1,0
3242,0,1
3243,0,1
3244,1,0
3245,0,1
3246,1,0
3247,0,1
3248,1,0
3249,1,0
3250,0,1
3251,0,1
3252,0,1
3253,1,0
3254,1,0
3255,1,0
3256,0,1
3257,0,1
3258,0,1
3259,1,0
3260,0,1
3261,0,1
3262,0,1
3263,0,1
3264,1,0
3265,0,1
3266,1,0
3267,0,1
3268,0,1
3269,1,0
3270,0,1
3271,1,0
3272,0,1
3273,0,1
3274,0,1
3275,0,1
3276,0,1
3277,0,1
3278,0,1
3279,0,1
3280,0,1
3281,0,1
3282,0,1
3283,0,1
3284,0,1
3285,0,1
3286,1,0
3287,0,1
3288,0,1
3289,0,1
3290,0,1
3291,1,0
3292,1,0
3293,0,1
3294,0,1
3295,0,1
3296,0,1
3297,0,1
3298,0,1
3299,1,0
3300,0,1
3301,1,0
3302,0,1
3303,0,1
3304,1,0
3305,0,1
3306,0,1
3307,0,1
3308,1,0
3309,0,1
3310,0,1
3311,0,1
3312,1,0
3313,0,1
3314,0,1
3315,0,1
3316,0,1
3317,0,1
3318,0,1
3319,1,0
3320,0,1
3321,0,1
3322,1,0
3323,0,1
3324,0,1
3325,1,0
3326,0,1
3327,0,1
3328,0,1
3329,0,1
3330,1,0
3331,1,0
3332,0,1
3333,0,1
3334,0,1
3335,0,1
3336,0,1
3337,0,1
3338,0,1
3339,0,1
3340,0,1
3341,0,1
3342,1,0
3343,1,0
3344,0,1
3345,0,1
3346,0,1
3347,1,0
3348,0,1
3349,1,0
3350,1,0
3351,1,0
3352,0,1
3353,0,1
3354,0,1
3355,0,1
3356,0,1
3357,0,1
3358,1,0
3359,0,1
3360,1,0
3361,0,1
3362,1,0
3363,1,0
3364,0,1
3365,0,1
3366,0,1
3367,0,1
3368,0,1
3369,0,1
3370,0,1
3371,0,1
3372,0,1
3373,0,1
3374,0,1
3375,0,1
3376,0,1
3377,0,1
3378,0,1
3379,0,1
3380,0,1
3381,0,1
3382,1,0
3383,0,1
3384,0,1
3385,1,0
3386,0,1
3387,0,1
3388,1,0
3389,0,1
3390,1,0
3391,0,1
3392,0,1
3393,0,1
3394,0,1
3395,0,1
3396,0,1
3397,0,1
3398,0,1
3399,0,1
3400,0,1
3401,0,1
3402,0,1
3403,0,1
3404,0,1
3405,0,1
3406,1,0
3407,1,0
3408,0,1
3409,0,1
3410,0,1
3411,0,1
3412,0,1
3413,1,0
3414,0,1
3415,0,1
3416,0,1
3417,1,0
3418,1,0
3419,0,1
3420,1,0
3421,0,1
3422,0,1
3423,0,1
3424,0,1
3425,0,1
3426,0,1
3427,0,1
3428,0,1
3429,1,0
3430,1,0
3431,1,0
3432,0,1
3433,0,1
3434,0,1
3435,0,1
3436,0,1
3437,1,0
3438,1,0
3439,0,1
3440,0,1
3441,1,0
3442,0,1
3443,1,0
3444,0,1
3445,1,0
3446,0,1
3447,0,1
3448,1,0
3449,0,1
3450,0,1
3451,1,0
3452,0,1
3453,0,1
3454,0,1
3455,1,0
3456,0,1
3457,0,1
3458,0,1
3459,0,1
3460,0,1
3461,0,1
3462,1,0
3463,0,1
3464,1,0
3465,0,1
3466,0,1
3467,0,1
3468,0,1
3469,0,1
3470,0,1
3471,0,1
3472,0,1
3473,1,0
3474,0,1
3475,0,1
3476,0,1
3477,1,0
3478,0,1
3479,0,1
3480,0,1
3481,0,1
3482,0,1
3483,1,0
3484,0,1
3485,0,1
3486,1,0
3487,0,1
3488,0,1
3489,0,1
3490,0,1
3491,0,1
3492,0,1
3493,0,1
3494,0,1
3495,0,1
3496,0,1
3497,1,0
3498,0,1
3499,0,1
3500,0,1
3501,1,0
3502,1,0
3503,0,1
3504,0,1
3505,1,0
3506,0,1
3507,0,1
3508,0,1
3509,0,1
3510,1,0
3511,0,1
3512,0,1
3513,0,1
3514,0,1
3515,0,1
3516,0,1
3517,0,1
3518,1,0
3519,1,0
3520,0,1
3521,0,1
3522,0,1
3523,0,1
3524,1,0
3525,1,0
3526,0,1
3527,0,1
3528,0,1
3529,1,0
3530,0,1
3531,1,0
3532,1,0
3533,0,1
3534,0,1
3535,0,1
3536,0,1
3537,0,1
3538,0,1
3539,1,0
3540,0,1
3541,0,1
3542,0,1
3543,0,1
3544,1,0
3545,0,1
3546,0,1
3547,0,1
3548,0,1
3549,1,0
3550,0,1
3551,1,0
3552,1,0
3553,0,1
3554,0,1
3555,0,1
3556,0,1
3557,0,1
3558,0,1
3559,0,1
3560,1,0
3561,0,1
3562,1,0
3563,0,1
3564,0,1
3565,0,1
3566,0,1
3567,0,1
3568,0,1
3569,1,0
3570,0,1
3571,0,1
3572,0,1
3573,0,1
3574,1,0
3575,0,1
3576,0,1
3577,1,0
3578,0,1
3579,0,1
3580,1,0
3581,0,1
3582,1,0
3583,1,0
3584,0,1
3585,0,1
3586,0,1
3587,0,1
3588,0,1
3589,1,0
3590,1,0
3591,0,1
3592,1,0
3593,1,0
3594,0,1
3595,0,1
3596,1,0
3597,0,1
3598,0,1
3599,0,1
3600,0,1
3601,1,0
3602,0,1
3603,1,0
3604,1,0
3605,0,1
3606,1,0
3607,0,1
3608,1,0
3609,1,0
3610,0,1
3611,0,1
3612,0,1
3613,0,1
3614,0,1
3615,0,1
3616,0,1
3617,0,1
3618,0,1
3619,0,1
3620,0,1
3621,0,1
3622,0,1
3623,0,1
3624,0,1
3625,0,1
3626,0,1
3627,1,0
3628,0,1
3629,1,0
3630,0,1
3631,0,1
3632,0,1
3633,0,1
3634,0,1
3635,0,1
3636,0,1
3637,0,1
3638,0,1
3639,0,1
3640,0,1
3641,0,1
3642,1,0
3643,0,1
3644,1,0
3645,0,1
3646,0,1
3647,0,1
3648,0,1
3649,1,0
3650,0,1
3651,0,1
3652,0,1
3653,0,1
3654,0,1
3655,1,0
3656,1,0
3657,0,1
3658,1,0
3659,0,1
3660,0,1
3661,0,1
3662,0,1
3663,1,0
3664,1,0
3665,0,1
3666,0,1
3667,1,0
3668,1,0
3669,0,1
3670,0,1
3671,0,1
3672,0,1
3673,0,1
3674,0,1
3675,0,1
3676,1,0
3677,1,0
3678,0,1
3679,0,1
3680,1,0
3681,0,1
3682,1,0
3683,0,1
3684,0,1
3685,0,1
3686,0,1
3687,1,0
3688,0,1
3689,0,1
3690,0,1
3691,0,1
3692,0,1
3693,0,1
3694,0,1
3695,0,1
3696,0,1
3697,0,1
3698,0,1
3699,1,0
3700,0,1
3701,0,1
3702,0,1
3703,0,1
3704,1,0
3705,0,1
3706,0,1
3707,1,0
3708,0,1
3709,0,1
3710,0,1
3711,0,1
3712,0,1
3713,1,0
3714,0,1
3715,0,1
3716,0,1
3717,0,1
3718,0,1
3719,0,1
3720,0,1
3721,0,1
3722,0,1
3723,0,1
3724,0,1
3725,0,1
3726,0,1
3727,0,1
3728,0,1
3729,0,1
3730,0,1
3731,0,1
3732,0,1
3733,0,1
3734,0,1
3735,0,1
3736,0,1
3737,0,1
3738,0,1
3739,0,1
3740,0,1
3741,0,1
3742,0,1
3743,1,0
3744,0,1
3745,1,0
3746,0,1
3747,0,1
3748,0,1
3749,1,0
3750,1,0
3751,1,0
3752,1,0
3753,0,1
3754,0,1
3755,1,0
3756,0,1
3757,0,1
3758,1,0
3759,0,1
3760,0,1
3761,0,1
3762,0,1
3763,0,1
3764,0,1
3765,1,0
3766,1,0
3767,0,1
3768,0,1
3769,0,1
3770,1,0
3771,0,1
3772,0,1
3773,0,1
3774,0,1
3775,0,1
3776,1,0
3777,0,1
3778,0,1
3779,1,0
3780,0,1
3781,1,0
3782,1,0
3783,0,1
3784,1,0
3785,1,0
3786,1,0
3787,1,0
3788,1,0
3789,1,0
3790,1,0
3791,0,1
3792,0,1
3793,0,1
3794,1,0
3795,1,0
3796,0,1
3797,0,1
3798,0,1
3799,0,1
3800,0,1
3801,0,1
3802,0,1
3803,1,0
3804,0,1
3805,1,0
3806,0,1
3807,1,0
3808,0,1
3809,0,1
3810,0,1
3811,0,1
3812,0,1
3813,0,1
3814,0,1
3815,0,1
3816,1,0
3817,0,1
3818,0,1
3819,0,1
3820,0,1
3821,0,1
3822,0,1
3823,0,1
3824,0,1
3825,0,1
3826,0,1
3827,0,1
3828,0,1
3829,1,0
3830,0,1
3831,1,0
3832,1,0
3833,0,1
3834,0,1
3835,0,1
3836,1,0
3837,0,1
3838,1,0
3839,0,1
3840,1,0
3841,0,1
3842,1,0
3843,1,0
3844,0,1
3845,0,1
3846,0,1
3847,0,1
3848,0,1
3849,0,1
3850,0,1
3851,0,1
3852,0,1
3853,0,1
3854,0,1
3855,0,1
3856,1,0
3857,0,1
3858,1,0
3859,0,1
3860,0,1
3861,0,1
3862,0,1
3863,0,1
3864,0,1
3865,1,0
3866,0,1
3867,0,1
3868,0,1
3869,0,1
3870,0,1
3871,0,1
3872,0,1
3873,1,0
3874,0,1
3875,0,1
3876,0,1
3877,0,1
3878,0,1
3879,0,1
3880,0,1
3881,0,1
3882,0,1
3883,0,1
3884,0,1
3885,0,1
3886,0,1
3887,0,1
3888,0,1
3889,0,1
3890,0,1
3891,1,0
3892,0,1
3893,0,1
3894,0,1
3895,1,0
3896,0,1
3897,0,1
3898,0,1
3899,0,1
3900,1,0
3901,0,1
3902,0,1
3903,0,1
3904,0,1
3905,0,1
3906,0,1
3907,1,0
3908,0,1
3909,0,1
3910,0,1
3911,0,1
3912,0,1
3913,0,1
3914,0,1
3915,1,0
3916,0,1
3917,1,0
3918,0,1
3919,0,1
3920,0,1
3921,0,1
3922,0,1
3923,0,1
3924,0,1
3925,0,1
3926,0,1
3927,1,0
3928,0,1
3929,0,1
3930,0,1
3931,0,1
3932,0,1
3933,1,0
3934,0,1
3935,0,1
3936,1,0
3937,0,1
3938,0,1
3939,0,1
3940,0,1
3941,0,1
3942,0,1
3943,1,0
3944,1,0
3945,1,0
3946,1,0
3947,0,1
3948,1,0
3949,0,1
3950,0,1
3951,1,0
3952,1,0
3953,0,1
3954,0,1
3955,0,1
3956,0,1
3957,0,1
3958,0,1
3959,1,0
3960,1,0
3961,0,1
3962,1,0
3963,0,1
3964,0,1
3965,0,1
3966,0,1
3967,1,0
3968,0,1
3969,0,1
3970,1,0
3971,1,0
3972,1,0
3973,0,1
3974,0,1
3975,1,0
3976,1,0
3977,0,1
3978,0,1
3979,1,0
3980,0,1
3981,1,0
3982,0,1
3983,0,1
3984,0,1
3985,0,1
3986,0,1
3987,1,0
3988,1,0
3989,0,1
3990,0,1
3991,0,1
3992,0,1
3993,0,1
3994,0,1
3995,0,1
3996,0,1
3997,0,1
3998,0,1
3999,0,1
4000,0,1
4001,1,0
4002,0,1
4003,0,1
4004,0,1
4005,0,1
4006,0,1
4007,0,1
4008,0,1
4009,0,1
4010,0,1
4011,0,1
4012,0,1
4013,0,1
4014,0,1
4015,1,0
4016,0,1
4017,0,1
4018,1,0
4019,0,1
4020,0,1
4021,0,1
4022,0,1
4023,1,0
4024,0,1
4025,1,0
4026,0,1
4027,1,0
4028,0,1
4029,1,0
4030,0,1
4031,0,1
4032,0,1
4033,0,1
4034,0,1
4035,0,1
4036,0,1
4037,0,1
4038,0,1
4039,0,1
4040,0,1
4041,0,1
4042,0,1
4043,1,0
4044,1,0
4045,0,1
4046,0,1
4047,0,1
4048,1,0
4049,0,1
4050,0,1
4051,0,1
4052,0,1
4053,0,1
4054,0,1
4055,0,1
4056,0,1
4057,0,1
4058,0,1
4059,0,1
4060,0,1
4061,0,1
4062,0,1
4063,1,0
4064,0,1
4065,1,0
4066,0,1
4067,0,1
4068,0,1
4069,0,1
4070,0,1
4071,0,1
4072,0,1
4073,0,1
4074,0,1
4075,0,1
4076,0,1
4077,1,0
4078,0,1
4079,0,1
4080,0,1
4081,0,1
4082,0,1
4083,0,1
4084,0,1
4085,1,0
4086,1,0
4087,0,1
4088,0,1
4089,0,1
4090,0,1
4091,0,1
4092,1,0
4093,0,1
4094,0,1
4095,0,1
4096,0,1
4097,0,1
4098,0,1
4099,0,1
4100,0,1
4101,0,1
4102,0,1
4103,0,1
4104,0,1
4105,0,1
4106,0,1
4107,1,0
4108,0,1
4109,0,1
4110,1,0
4111,0,1
4112,0,1
4113,0,1
4114,0,1
4115,0,1
4116,0,1
4117,0,1
4118,0,1
4119,0,1
4120,0,1
4121,0,1
4122,0,1
4123,1,0
4124,0,1
4125,0,1
4126,0,1
4127,0,1
4128,0,1
4129,0,1
4130,0,1
4131,0,1
4132,0,1
4133,0,1
4134,1,0
4135,0,1
4136,0,1
4137,0,1
4138,0,1
4139,0,1
4140,0,1
4141,0,1
4142,0,1
4143,1,0
4144,0,1
4145,1,0
4146,0,1
4147,1,0
4148,1,0
4149,0,1
4150,0,1
4151,0,1
4152,0,1
4153,0,1
4154,0,1
4155,0,1
4156,0,1
4157,0,1
4158,1,0
4159,1,0
4160,0,1
4161,0,1
4162,1,0
4163,0,1
4164,0,1
4165,1,0
4166,1,0
4167,0,1
4168,1,0
4169,0,1
4170,0,1
4171,0,1
4172,0,1
4173,1,0
4174,1,0
4175,0,1
4176,0,1
4177,0,1
4178,1,0
4179,1,0
4180,0,1
4181,1,0
4182,0,1
4183,0,1
4184,0,1
4185,0,1
4186,0,1
4187,1,0
4188,0,1
4189,0,1
4190,0,1
4191,1,0
4192,0,1
4193,0,1
4194,0,1
4195,1,0
4196,0,1
4197,1,0
4198,0,1
4199,1,0
4200,0,1
4201,1,0
4202,0,1
4203,0,1
4204,0,1
4205,1,0
4206,1,0
4207,0,1
4208,1,0
4209,0,1
4210,0,1
4211,0,1
4212,0,1
4213,0,1
4214,1,0
4215,0,1
4216,0,1
4217,0,1
4218,0,1
4219,0,1
4220,0,1
4221,0,1
4222,1,0
4223,1,0
4224,1,0
4225,1,0
4226,1,0
4227,0,1
4228,0,1
4229,0,1
4230,0,1
4231,1,0
4232,1,0
4233,0,1
4234,1,0
4235,0,1
4236,1,0
4237,0,1
4238,0,1
4239,0,1
4240,0,1
4241,0,1
4242,0,1
4243,0,1
4244,0,1
4245,0,1
4246,1,0
4247,0,1
4248,0,1
4249,1,0
4250,1,0
4251,0,1
4252,1,0
4253,0,1
4254,0,1
4255,0,1
4256,1,0
4257,0,1
4258,0,1
4259,0,1
4260,0,1
4261,1,0
4262,1,0
4263,0,1
4264,0,1
4265,0,1
4266,0,1
4267,0,1
4268,1,0
4269,0,1
4270,0,1
4271,0,1
4272,0,1
4273,0,1
4274,1,0
4275,1,0
4276,1,0
4277,0,1
4278,1,0
4279,0,1
4280,0,1
4281,0,1
4282,0,1
4283,1,0
4284,0,1
4285,0,1
4286,0,1
4287,0,1
4288,1,0
4289,0,1
4290,0,1
4291,0,1
4292,0,1
4293,1,0
4294,0,1
4295,0,1
4296,0,1
4297,0,1
4298,1,0
4299,1,0
4300,1,0
4301,0,1
4302,0,1
4303,0,1
4304,0,1
4305,1,0
4306,0,1
4307,0,1
4308,0,1
4309,0,1
4310,0,1
4311,0,1
4312,0,1
4313,1,0
4314,0,1
4315,0,1
4316,0,1
4317,1,0
4318,0,1
4319,0,1
4320,0,1
4321,0,1
4322,1,0
4323,0,1
4324,0,1
4325,0,1
4326,1,0
4327,0,1
4328,0,1
4329,1,0
4330,1,0
4331,0,1
4332,1,0
4333,0,1
4334,0,1
4335,0,1
4336,1,0
4337,0,1
4338,1,0
4339,0,1
4340,1,0
4341,0,1
4342,0,1
4343,0,1
4344,0,1
4345,1,0
4346,0,1
4347,1,0
4348,0,1
4349,0,1
4350,0,1
4351,0,1
4352,0,1
4353,0,1
4354,0,1
4355,0,1
4356,0,1
4357,1,0
4358,0,1
4359,0,1
4360,1,0
4361,0,1
4362,0,1
4363,0,1
4364,0,1
4365,1,0
4366,0,1
4367,0,1
4368,0,1
4369,0,1
4370,0,1
4371,1,0
4372,0,1
4373,0,1
4374,0,1
4375,1,0
4376,1,0
4377,0,1
4378,0,1
4379,0,1
4380,1,0
4381,0,1
4382,0,1
4383,1,0
4384,0,1
4385,0,1
4386,0,1
4387,1,0
4388,0,1
4389,0,1
4390,0,1
4391,1,0
4392,0,1
4393,0,1
4394,0,1
4395,0,1
4396,0,1
4397,0,1
4398,1,0
4399,1,0
4400,1,0
4401,0,1
4402,1,0
4403,0,1
4404,0,1
4405,0,1
4406,0,1
4407,0,1
4408,1,0
4409,0,1
4410,0,1
4411,0,1
4412,0,1
4413,0,1
4414,0,1
4415,0,1
4416,0,1
4417,0,1
4418,1,0
4419,1,0
4420,0,1
4421,0,1
4422,0,1
4423,0,1
4424,0,1
4425,0,1
4426,0,1
4427,0,1
4428,0,1
4429,0,1
4430,1,0
4431,0,1
4432,0,1
4433,0,1
4434,1,0
4435,0,1
4436,0,1
4437,1,0
4438,0,1
4439,0,1
4440,0,1
4441,0,1
4442,0,1
4443,0,1
4444,1,0
4445,0,1
4446,0,1
4447,0,1
4448,0,1
4449,0,1
4450,0,1
4451,0,1
4452,1,0
4453,0,1
4454,0,1
4455,0,1
4456,1,0
4457,0,1
4458,1,0
4459,0,1
4460,0,1
4461,0,1
4462,1,0
4463,0,1
4464,1,0
4465,0,1
4466,0,1
4467,1,0
4468,1,0
4469,1,0
4470,0,1
4471,0,1
4472,1,0
4473,0,1
4474,0,1
4475,0,1
4476,0,1
4477,0,1
4478,0,1
4479,0,1
4480,0,1
4481,0,1
4482,1,0
4483,1,0
4484,1,0
4485,0,1
4486,0,1
4487,0,1
4488,0,1
4489,0,1
4490,0,1
4491,0,1
4492,0,1
4493,1,0
4494,0,1
4495,0,1
4496,0,1
4497,0,1
4498,0,1
4499,0,1
4500,0,1
4501,0,1
4502,0,1
4503,0,1
4504,1,0
4505,0,1
4506,0,1
4507,0,1
4508,0,1
4509,0,1
4510,0,1
4511,0,1
4512,0,1
4513,0,1
4514,0,1
4515,0,1
4516,0,1
4517,1,0
4518,0,1
4519,0,1
4520,0,1
4521,0,1
4522,0,1
4523,0,1
4524,0,1
4525,0,1
4526,0,1
4527,0,1
4528,0,1
4529,0,1
4530,1,0
4531,0,1
4532,0,1
4533,0,1
4534,0,1
4535,0,1
4536,0,1
4537,1,0
4538,0,1
4539,0,1
4540,1,0
4541,0,1
4542,0,1
4543,0,1
4544,0,1
4545,0,1
4546,0,1
4547,0,1
4548,0,1
4549,1,0
4550,0,1
4551,0,1
4552,0,1
4553,1,0
4554,1,0
4555,1,0
4556,0,1
4557,0,1
4558,0,1
4559,0,1
4560,0,1
4561,1,0
4562,0,1
4563,1,0
4564,0,1
4565,0,1
4566,0,1
4567,0,1
4568,1,0
4569,0,1
4570,0,1
4571,0,1
4572,1,0
4573,0,1
4574,0,1
4575,1,0
4576,1,0
4577,0,1
4578,0,1
4579,1,0
4580,1,0
4581,0,1
4582,1,0
4583,0,1
4584,1,0
4585,0,1
4586,0,1
4587,0,1
4588,1,0
4589,0,1
4590,1,0
4591,0,1
4592,0,1
4593,1,0
4594,0,1
4595,0,1
4596,1,0
4597,1,0
4598,1,0
4599,1,0
4600,0,1
4601,0,1
4602,0,1
4603,1,0
4604,0,1
4605,0,1
4606,1,0
4607,0,1
4608,1,0
4609,1,0
4610,1,0
4611,1,0
4612,1,0
4613,0,1
4614,1,0
4615,0,1
4616,0,1
4617,1,0
4618,0,1
4619,1,0
4620,1,0
4621,0,1
4622,0,1
4623,0,1
4624,0,1
4625,0,1
4626,0,1
4627,0,1
4628,1,0
4629,1,0
4630,1,0
4631,0,1
4632,0,1
4633,0,1
4634,0,1
4635,0,1
4636,0,1
4637,1,0
4638,0,1
4639,0,1
4640,0,1
4641,0,1
4642,0,1
4643,0,1
4644,0,1
4645,1,0
4646,1,0
4647,0,1
4648,0,1
4649,0,1
4650,0,1
4651,1,0
4652,1,0
4653,0,1
4654,0,1
4655,1,0
4656,0,1
4657,0,1
4658,0,1
4659,1,0
4660,1,0
4661,0,1
4662,1,0
4663,0,1
4664,1,0
4665,0,1
4666,0,1
4667,0,1
4668,0,1
4669,0,1
4670,0,1
4671,0,1
4672,0,1
4673,0,1
4674,1,0
4675,1,0
4676,0,1
4677,0,1
4678,0,1
4679,0,1
4680,0,1
4681,1,0
4682,0,1
4683,0,1
4684,1,0
4685,0,1
4686,0,1
4687,0,1
4688,0,1
4689,0,1
4690,1,0
4691,1,0
4692,1,0
4693,0,1
4694,0,1
4695,0,1
4696,0,1
4697,0,1
4698,1,0
4699,1,0
4700,1,0
4701,0,1
4702,0,1
4703,0,1
4704,0,1
4705,1,0
4706,0,1
4707,0,1
4708,0,1
4709,0,1
4710,1,0
4711,0,1
4712,0,1
4713,0,1
4714,0,1
4715,0,1
4716,1,0
4717,0,1
4718,0,1
4719,1,0
4720,0,1
4721,0,1
4722,0,1
4723,0,1
4724,1,0
4725,0,1
4726,1,0
4727,1,0
4728,0,1
4729,0,1
4730,0,1
4731,0,1
4732,0,1
4733,0,1
4734,0,1
4735,0,1
4736,0,1
4737,0,1
4738,0,1
4739,0,1
4740,1,0
4741,0,1
4742,0,1
4743,0,1
4744,0,1
4745,1,0
4746,0,1
4747,0,1
4748,0,1
4749,0,1
4750,1,0
4751,0,1
4752,1,0
4753,0,1
4754,1,0
4755,1,0
4756,0,1
4757,0,1
4758,1,0
4759,1,0
4760,0,1
4761,0,1
4762,1,0
4763,0,1
4764,0,1
4765,1,0
4766,0,1
4767,1,0
4768,0,1
4769,0,1
4770,1,0
4771,1,0
4772,0,1
4773,0,1
4774,0,1
4775,0,1
4776,1,0
4777,0,1
4778,0,1
4779,0,1
4780,0,1
4781,1,0
4782,0,1
4783,0,1
4784,1,0
4785,1,0
4786,0,1
4787,0,1
4788,0,1
4789,0,1
4790,1,0
4791,0,1
4792,1,0
4793,1,0
4794,1,0
4795,0,1
4796,0,1
4797,1,0
4798,0,1
4799,1,0
4800,0,1
4801,0,1
4802,0,1
4803,1,0
4804,1,0
4805,0,1
4806,0,1
4807,0,1
4808,0,1
4809,1,0
4810,0,1
4811,0,1
4812,0,1
4813,1,0
4814,0,1
4815,1,0
4816,1,0
4817,0,1
4818,1,0
4819,0,1
4820,0,1
4821,0,1
4822,1,0
4823,0,1
4824,0,1
4825,0,1
4826,0,1
4827,0,1
4828,1,0
4829,0,1
4830,0,1
4831,1,0
4832,0,1
4833,0,1
4834,1,0
4835,0,1
4836,1,0
4837,0,1
4838,0,1
4839,1,0
4840,1,0
4841,0,1
4842,1,0
4843,0,1
4844,0,1
4845,1,0
4846,1,0
4847,0,1
4848,1,0
4849,1,0
4850,1,0
4851,0,1
4852,0,1
4853,0,1
4854,1,0
4855,0,1
4856,0,1
4857,0,1
4858,0,1
4859,1,0
4860,0,1
4861,0,1
4862,0,1
4863,1,0
4864,0,1
4865,1,0
4866,0,1
4867,0,1
4868,0,1
4869,1,0
4870,1,0
4871,0,1
4872,0,1
4873,0,1
4874,1,0
4875,0,1
4876,1,0
4877,0,1
4878,0,1
4879,0,1
4880,1,0
4881,0,1
4882,0,1
4883,1,0
4884,0,1
4885,0,1
4886,1,0
4887,0,1
4888,1,0
4889,0,1
4890,1,0
4891,0,1
4892,0,1
4893,0,1
4894,0,1
4895,1,0
4896,0,1
4897,0,1
4898,0,1
4899,0,1
4900,0,1
4901,0,1
4902,0,1
4903,0,1
4904,0,1
4905,1,0
4906,0,1
4907,1,0
4908,0,1
4909,1,0
4910,0,1
4911,1,0
4912,1,0
4913,1,0
4914,1,0
4915,0,1
4916,0,1
4917,0,1
4918,1,0
4919,0,1
4920,0,1
4921,1,0
4922,0,1
4923,0,1
4924,1,0
4925,1,0
4926,0,1
4927,0,1
4928,1,0
4929,0,1
4930,0,1
4931,0,1
4932,0,1
4933,0,1
4934,1,0
4935,0,1
4936,1,0
4937,0,1
4938,1,0
4939,0,1
4940,1,0
4941,0,1
4942,0,1
4943,1,0
4944,0,1
4945,0,1
4946,1,0
4947,0,1
4948,0,1
4949,0,1
4950,0,1
4951,1,0
4952,1,0
4953,0,1
4954,0,1
4955,0,1
4956,0,1
4957,0,1
4958,0,1
4959,0,1
4960,0,1
4961,0,1
4962,0,1
4963,0,1
4964,0,1
4965,0,1
4966,0,1
4967,0,1
4968,1,0
4969,0,1
4970,1,0
4971,0,1
4972,0,1
4973,1,0
4974,0,1
4975,0,1
4976,0,1
4977,0,1
4978,0,1
4979,0,1
4980,0,1
4981,0,1
4982,0,1
4983,1,0
4984,0,1
4985,0,1
4986,0,1
4987,1,0
4988,0,1
4989,0,1
4990,1,0
4991,1,0
4992,1,0
4993,0,1
4994,0,1
4995,0,1
4996,0,1
4997,0,1
4998,1,0
4999,1,0
5000,0,1
5001,1,0
5002,0,1
5003,0,1
5004,1,0
5005,0,1
5006,0,1
5007,1,0
5008,0,1
5009,1,0
5010,0,1
5011,0,1
5012,0,1
5013,0,1
5014,0,1
5015,0,1
5016,1,0
5017,0,1
5018,1,0
5019,0,1
5020,1,0
5021,0,1
5022,0,1
5023,0,1
5024,1,0
5025,0,1
5026,0,1
5027,1,0
5028,0,1
5029,0,1
5030,0,1
5031,1,0
5032,0,1
5033,1,0
5034,1,0
5035,1,0
5036,0,1
5037,0,1
5038,0,1
5039,1,0
5040,0,1
5041,1,0
5042,1,0
5043,1,0
5044,1,0
5045,0,1
5046,0,1
5047,0,1
5048,1,0
5049,0,1
5050,1,0
5051,1,0
5052,0,1
5053,0,1
5054,0,1
5055,1,0
5056,0,1
5057,0,1
5058,0,1
5059,0,1
5060,0,1
5061,1,0
5062,0,1
5063,1,0
5064,0,1
5065,0,1
5066,1,0
5067,0,1
5068,0,1
5069,1,0
5070,0,1
5071,1,0
5072,0,1
5073,0,1
5074,0,1
5075,0,1
5076,0,1
5077,0,1
5078,0,1
5079,0,1
5080,1,0
5081,1,0
5082,0,1
5083,0,1
5084,0,1
5085,0,1
5086,0,1
5087,1,0
5088,0,1
5089,1,0
5090,1,0
5091,0,1
5092,0,1
5093,0,1
5094,0,1
5095,1,0
5096,0,1
5097,0,1
5098,0,1
5099,0,1
5100,0,1
5101,0,1
5102,0,1
5103,1,0
5104,0,1
5105,0,1
5106,1,0
5107,1,0
5108,1,0
5109,1,0
5110,0,1
5111,0,1
5112,0,1
5113,0,1
5114,1,0
5115,0,1
5116,0,1
5117,1,0
5118,0,1
5119,1,0
5120,0,1
5121,0,1
5122,0,1
5123,0,1
5124,0,1
5125,0,1
5126,0,1
5127,0,1
5128,0,1
5129,0,1
5130,1,0
5131,1,0
5132,0,1
5133,0,1
5134,0,1
5135,0,1
5136,0,1
5137,0,1
5138,0,1
5139,0,1
5140,0,1
5141,0,1
5142,0,1
5143,0,1
5144,1,0
5145,0,1
5146,0,1
5147,0,1
5148,0,1
5149,0,1
5150,0,1
5151,0,1
5152,1,0
5153,0,1
5154,0,1
5155,0,1
5156,0,1
5157,0,1
5158,1,0
5159,0,1
5160,1,0
5161,0,1
5162,0,1
5163,0,1
5164,1,0
5165,0,1
5166,0,1
5167,0,1
5168,0,1
5169,1,0
5170,0,1
5171,0,1
5172,1,0
5173,0,1
5174,0,1
5175,1,0
5176,0,1
5177,0,1
5178,0,1
5179,0,1
5180,0,1
5181,0,1
5182,1,0
5183,1,0
5184,0,1
5185,1,0
5186,0,1
5187,0,1
5188,1,0
5189,1,0
5190,1,0
5191,1,0
5192,0,1
5193,0,1
5194,0,1
5195,0,1
5196,0,1
5197,1,0
5198,1,0
5199,1,0
5200,1,0
5201,0,1
5202,0,1
5203,1,0
5204,0,1
5205,0,1
5206,0,1
5207,0,1
5208,0,1
5209,0,1
5210,1,0
5211,0,1
5212,0,1
5213,0,1
5214,1,0
5215,1,0
5216,0,1
5217,0,1
5218,0,1
5219,0,1
5220,0,1
5221,1,0
5222,0,1
5223,0,1
5224,0,1
5225,0,1
5226,0,1
5227,0,1
5228,0,1
5229,0,1
5230,0,1
5231,0,1
5232,0,1
5233,0,1
5234,1,0
5235,0,1
5236,0,1
5237,0,1
5238,1,0
5239,0,1
5240,1,0
5241,1,0
5242,0,1
5243,0,1
5244,0,1
5245,1,0
5246,1,0
5247,1,0
5248,1,0
5249,1,0
5250,0,1
5251,1,0
5252,0,1
5253,1,0
5254,0,1
5255,0,1
5256,0,1
5257,1,0
5258,0,1
5259,0,1
5260,0,1
5261,0,1
5262,1,0
5263,0,1
5264,0,1
5265,0,1
5266,0,1
5267,0,1
5268,1,0
5269,0,1
5270,0,1
5271,1,0
5272,0,1
5273,0,1
5274,0,1
5275,0,1
5276,1,0
5277,0,1
5278,1,0
5279,1,0
5280,0,1
5281,0,1
5282,1,0
5283,0,1
5284,0,1
5285,0,1
5286,0,1
5287,0,1
5288,0,1
5289,0,1
5290,1,0
5291,0,1
5292,0,1
5293,0,1
5294,0,1
5295,0,1
5296,1,0
5297,0,1
5298,0,1
5299,0,1
5300,0,1
5301,0,1
5302,1,0
5303,1,0
5304,1,0
5305,1,0
5306,1,0
5307,0,1
5308,0,1
5309,0,1
5310,1,0
5311,0,1
5312,0,1
5313,0,1
5314,1,0
5315,0,1
5316,0,1
5317,1,0
5318,0,1
5319,0,1
5320,1,0
5321,0,1
5322,0,1
5323,0,1
5324,0,1
5325,1,0
5326,0,1
5327,0,1
5328,1,0
5329,1,0
5330,1,0
5331,0,1
5332,0,1
5333,1,0
5334,1,0
5335,0,1
5336,0,1
5337,1,0
5338,0,1
5339,0,1
5340,1,0
5341,1,0
5342,1,0
5343,1,0
5344,1,0
5345,1,0
5346,1,0
5347,0,1
5348,0,1
5349,1,0
5350,0,1
5351,1,0
5352,1,0
5353,0,1
5354,1,0
5355,0,1
5356,0,1
5357,1,0
5358,0,1
5359,0,1
5360,0,1
5361,1,0
5362,0,1
5363,0,1
5364,1,0
5365,0,1
5366,0,1
5367,0,1
5368,1,0
5369,0,1
5370,0,1
5371,0,1
5372,0,1
5373,0,1
5374,0,1
5375,0,1
5376,0,1
5377,1,0
5378,0,1
5379,0,1
5380,0,1
5381,0,1
5382,0,1
5383,0,1
5384,1,0
5385,0,1
5386,0,1
5387,1,0
5388,1,0
5389,0,1
5390,0,1
5391,0,1
5392,0,1
5393,0,1
5394,0,1
5395,0,1
5396,0,1
5397,0,1
5398,0,1
5399,0,1
5400,1,0
5401,1,0
5402,1,0
5403,0,1
5404,0,1
5405,1,0
5406,1,0
5407,1,0
5408,0,1
5409,0,1
5410,1,0
5411,1,0
5412,0,1
5413,0,1
5414,0,1
5415,1,0
5416,1,0
5417,0,1
5418,1,0
5419,1,0
5420,1,0
5421,0,1
5422,0,1
5423,1,0
5424,1,0
5425,0,1
5426,0,1
5427,0,1
5428,1,0
5429,1,0
5430,1,0
5431,0,1
5432,0,1
5433,1,0
5434,1,0
5435,0,1
5436,0,1
5437,0,1
5438,0,1
5439,0,1
5440,1,0
5441,0,1
5442,0,1
5443,0,1
5444,1,0
5445,0,1
5446,1,0
5447,0,1
5448,0,1
5449,0,1
5450,0,1
5451,1,0
5452,0,1
5453,0,1
5454,0,1
5455,1,0
5456,0,1
5457,0,1
5458,1,0
5459,1,0
5460,0,1
5461,0,1
5462,0,1
5463,0,1
5464,0,1
5465,1,0
5466,0,1
5467,0,1
5468,0,1
5469,0,1
5470,0,1
5471,0,1
5472,0,1
5473,0,1
5474,0,1
5475,0,1
5476,1,0
5477,0,1
5478,0,1
5479,0,1
5480,1,0
5481,0,1
5482,0,1
5483,1,0
5484,0,1
5485,0,1
5486,0,1
5487,0,1
5488,0,1
5489,0,1
5490,0,1
5491,0,1
5492,0,1
5493,0,1
5494,1,0
5495,1,0
5496,0,1
5497,0,1
5498,1,0
5499,1,0
5500,1,0
5501,0,1
5502,0,1
5503,1,0
5504,0,1
5505,1,0
5506,1,0
5507,0,1
5508,0,1
5509,0,1
5510,0,1
5511,0,1
5512,1,0
5513,0,1
5514,1,0
5515,0,1
5516,1,0
5517,0,1
5518,0,1
5519,0,1
5520,0,1
5521,1,0
5522,0,1
5523,0,1
5524,1,0
5525,1,0
5526,1,0
5527,0,1
5528,0,1
5529,0,1
5530,1,0
5531,0,1
5532,0,1
5533,1,0
5534,0,1
5535,0,1
5536,0,1
5537,1,0
5538,0,1
5539,1,0
5540,0,1
5541,0,1
5542,0,1
5543,0,1
5544,0,1
5545,1,0
5546,0,1
5547,1,0
5548,1,0
5549,1,0
5550,0,1
5551,1,0
5552,0,1
5553,0,1
5554,0,1
5555,0,1
5556,0,1
5557,0,1
5558,0,1
5559,0,1
5560,1,0
5561,1,0
5562,1,0
5563,1,0
5564,0,1
5565,0,1
5566,0,1
5567,0,1
5568,0,1
5569,1,0
5570,0,1
5571,1,0
5572,1,0
5573,1,0
5574,0,1
5575,0,1
5576,0,1
5577,0,1
5578,1,0
5579,1,0
5580,0,1
5581,0,1
5582,0,1
5583,0,1
5584,1,0
5585,0,1
5586,0,1
5587,0,1
5588,1,0
5589,1,0
5590,1,0
5591,0,1
5592,0,1
5593,0,1
5594,1,0
5595,0,1
5596,0,1
5597,1,0
5598,0,1
5599,0,1
5600,1,0
5601,0,1
5602,0,1
5603,0,1
5604,0,1
5605,1,0
5606,1,0
5607,0,1
5608,0,1
5609,1,0
5610,1,0
5611,1,0
5612,1,0
5613,1,0
5614,0,1
5615,0,1
5616,0,1
5617,0,1
5618,1,0
5619,1,0
5620,0,1
5621,0,1
5622,0,1
5623,0,1
5624,0,1
5625,0,1
5626,0,1
5627,0,1
5628,0,1
5629,0,1
5630,0,1
5631,0,1
5632,1,0
5633,0,1
5634,0,1
5635,1,0
5636,0,1
5637,0,1
5638,0,1
5639,1,0
5640,0,1
5641,1,0
5642,0,1
5643,1,0
5644,1,0
5645,0,1
5646,0,1
5647,0,1
5648,0,1
5649,1,0
5650,1,0
5651,1,0
5652,0,1
5653,0,1
5654,0,1
5655,1,0
5656,0,1
5657,0,1
5658,0,1
5659,0,1
5660,0,1
5661,1,0
5662,0,1
5663,1,0
5664,0,1
5665,0,1
5666,0,1
5667,0,1
5668,1,0
5669,0,1
5670,0,1
5671,0,1
5672,1,0
5673,1,0
5674,0,1
5675,0,1
5676,0,1
5677,0,1
5678,0,1
5679,0,1
5680,0,1
5681,1,0
5682,0,1
5683,1,0
5684,0,1
5685,0,1
5686,0,1
5687,1,0
5688,1,0
5689,0,1
5690,0,1
5691,0,1
5692,1,0
5693,1,0
5694,1,0
5695,1,0
5696,1,0
5697,0,1
5698,0,1
5699,0,1
5700,1,0
5701,0,1
5702,0,1
5703,0,1
5704,1,0
5705,1,0
5706,0,1
5707,0,1
5708,0,1
5709,0,1
5710,0,1
5711,0,1
5712,0,1
5713,1,0
5714,0,1
5715,0,1
5716,0,1
5717,0,1
5718,1,0
5719,0,1
5720,0,1
5721,0,1
5722,0,1
5723,0,1
5724,0,1
5725,0,1
5726,0,1
5727,0,1
5728,1,0
5729,0,1
5730,0,1
5731,1,0
5732,1,0
5733,0,1
5734,1,0
5735,0,1
5736,0,1
5737,0,1
5738,0,1
5739,0,1
5740,0,1
5741,0,1
5742,1,0
5743,1,0
5744,1,0
5745,1,0
5746,0,1
5747,0,1
5748,0,1
5749,0,1
5750,0,1
5751,1,0
5752,1,0
5753,0,1
5754,1,0
5755,1,0
5756,1,0
5757,0,1
5758,1,0
5759,1,0
5760,0,1
5761,0,1
5762,1,0
5763,1,0
5764,1,0
5765,0,1
5766,0,1
5767,0,1
5768,1,0
5769,0,1
5770,0,1
5771,0,1
5772,0,1
5773,0,1
5774,0,1
5775,0,1
5776,0,1
5777,0,1
5778,0,1
5779,0,1
5780,0,1
5781,0,1
5782,1,0
5783,1,0
5784,0,1
5785,1,0
5786,0,1
5787,0,1
5788,0,1
5789,0,1
5790,1,0
5791,0,1
5792,0,1
5793,0,1
5794,0,1
5795,0,1
5796,1,0
5797,0,1
5798,0,1
5799,0,1
5800,0,1
5801,0,1
5802,1,0
5803,0,1
5804,1,0
5805,1,0
5806,1,0
5807,0,1
5808,1,0
5809,0,1
5810,0,1
5811,0,1
5812,1,0
5813,0,1
5814,0,1
5815,0,1
5816,0,1
5817,0,1
5818,0,1
5819,0,1
5820,0,1
5821,0,1
5822,1,0
5823,0,1
5824,0,1
5825,1,0
5826,0,1
5827,0,1
5828,0,1
5829,1,0
5830,1,0
5831,0,1
5832,1,0
5833,1,0
5834,0,1
5835,1,0
5836,0,1
5837,0,1
5838,1,0
5839,0,1
5840,1,0
5841,1,0
5842,0,1
5843,0,1
5844,1,0
5845,1,0
5846,0,1
5847,1,0
5848,0,1
5849,0,1
5850,1,0
5851,1,0
5852,1,0
5853,0,1
5854,0,1
5855,0,1
5856,1,0
5857,1,0
5858,0,1
5859,0,1
5860,1,0
5861,1,0
5862,1,0
5863,1,0
5864,1,0
5865,0,1
5866,1,0
5867,1,0
5868,0,1
5869,1,0
5870,0,1
5871,1,0
5872,0,1
5873,0,1
5874,0,1
5875,0,1
5876,0,1
5877,0,1
5878,1,0
5879,0,1
5880,0,1
5881,0,1
5882,0,1
5883,1,0
5884,0,1
5885,0,1
5886,0,1
5887,1,0
5888,0,1
5889,0,1
5890,0,1
5891,0,1
5892,0,1
5893,0,1
5894,0,1
5895,0,1
5896,0,1
5897,0,1
5898,1,0
5899,0,1
5900,0,1
5901,1,0
5902,0,1
5903,0,1
5904,1,0
5905,1,0
5906,1,0
5907,0,1
5908,0,1
5909,0,1
5910,1,0
5911,1,0
5912,0,1
5913,1,0
5914,0,1
5915,0,1
5916,0,1
5917,1,0
5918,0,1
5919,0,1
5920,1,0
5921,0,1
5922,0,1
5923,0,1
5924,0,1
5925,1,0
5926,1,0
5927,0,1
5928,0,1
5929,1,0
5930,1,0
5931,1,0
5932,0,1
5933,0,1
5934,0,1
5935,0,1
5936,0,1
5937,0,1
5938,0,1
5939,1,0
5940,0,1
5941,1,0
5942,0,1
5943,1,0
5944,1,0
5945,1,0
5946,1,0
5947,1,0
5948,0,1
5949,0,1
5950,0,1
5951,0,1
5952,1,0
5953,0,1
5954,0,1
5955,1,0
5956,1,0
5957,0,1
5958,0,1
5959,1,0
5960,1,0
5961,1,0
5962,0,1
5963,0,1
5964,0,1
5965,0,1
5966,1,0
5967,0,1
5968,0,1
5969,0,1
5970,0,1
5971,0,1
5972,1,0
5973,0,1
5974,1,0
5975,0,1
5976,1,0
5977,0,1
5978,0,1
5979,0,1
5980,0,1
5981,0,1
5982,0,1
5983,0,1
5984,0,1
5985,1,0
5986,1,0
5987,0,1
5988,0,1
5989,1,0
5990,1,0
5991,1,0
5992,1,0
5993,1,0
5994,0,1
5995,1,0
5996,1,0
5997,1,0
5998,0,1
5999,1,0
6000,0,1
6001,1,0
6002,0,1
6003,1,0
6004,1,0
6005,1,0
6006,1,0
6007,0,1
6008,0,1
6009,1,0
6010,0,1
6011,0,1
6012,0,1
6013,1,0
6014,0,1
6015,1,0
6016,0,1
6017,1,0
6018,0,1
6019,0,1
6020,0,1
6021,0,1
6022,0,1
6023,0,1
6024,0,1
6025,1,0
6026,0,1
6027,0,1
6028,0,1
6029,1,0
6030,0,1
6031,1,0
6032,0,1
6033,0,1
6034,0,1
6035,1,0
6036,1,0
6037,1,0
6038,1,0
6039,1,0
6040,0,1
